{"cameraMode":{"drawMode":0,"name":"Shaded","section":"Shading Mode"},"sceneLighting":true,"audioPlay":false,"sceneViewState":{"showFog":true,"showMaterialUpdate":true,"showSkybox":true,"showFlares":true,"showImageEffects":true,"showParticleSystems":true},"in2DMode":false,"pivot":{"x":3.191798448562622,"y":-2.1872718334198,"z":9.17547607421875},"rotation":{"x":-0.2462998926639557,"y":0.032273437827825549,"z":-0.008203519508242607,"w":-0.9686214327812195},"size":15.164464950561524,"orthographic":false}