{"cameraMode":{"drawMode":0,"name":"Shaded","section":"Shading Mode"},"sceneLighting":false,"audioPlay":false,"sceneViewState":{"showFog":true,"showMaterialUpdate":true,"showSkybox":true,"showFlares":true,"showImageEffects":true,"showParticleSystems":true},"in2DMode":false,"pivot":{"x":-0.5499999523162842,"y":1.2309999465942383,"z":3.3525779247283937},"rotation":{"x":-0.3871150314807892,"y":0.0016661526169627905,"z":-0.000696444942150265,"w":-0.9220296740531921},"size":2.8578836917877199,"orthographic":false}