{"cameraMode":{"drawMode":0,"name":"Shaded","section":"Shading Mode"},"sceneLighting":true,"audioPlay":false,"sceneViewState":{"showFog":true,"showMaterialUpdate":true,"showSkybox":true,"showFlares":true,"showImageEffects":true,"showParticleSystems":true},"in2DMode":false,"pivot":{"x":7.4408369064331059,"y":3.2064247131347658,"z":-3.143373966217041},"rotation":{"x":-0.3871150314807892,"y":0.0016661526169627905,"z":-0.000696444942150265,"w":-0.9220296740531921},"size":15.164464950561524,"orthographic":false}